elements, selection, bubble, default
1000, -0.06400394439697266, -0.13400745391845703, None
1000, -0.06500363349914551, -0.12780475616455078, None
10000, -6.1413514614105225, -13.278457164764404, None
